Chemical,Type of Toxicity,CAS No.
"A-alpha-C (2-Amino-9H-pyrido[2,3-b]indole)",cancer,26148-68-5
Abiraterone acetate,"developmental, female, male ",154229-18-2
Acetaldehyde,cancer,75-07-0
Acetamide,cancer ,60-35-5
Acetazolamide   ,developmental  ,59-66-5
Acetochlor,cancer,34256-82-1
Acetohydroxamic acid,developmental,546-88-3
2-Acetylaminofluorene,cancer,53-96-3
Acifluorfen sodium,cancer,62476-59-9
Acrylamide,cancer,6/1/79
Acrylamide,"developmental, male ",6/1/79
Acrylonitrile,cancer,107-13-1
"Actinomycin D [Basis for listing changed effective February 22, 2013]",cancer,50-76-0
Actinomycin D,developmental,50-76-0
AF-2;[2-(2-furyl)-3-(5-nitro-2-furyl)]acrylamide,cancer,3688-53-7
Aflatoxins,cancer,---
Alachlor,cancer,15972-60-8
Alcoholic beverages,cancer,---
"Alcoholic beverages, when associated with alcohol abuse",cancer,---
Aldrin,cancer,309-00-2
All-trans retinoic acid,developmental ,302-79-4
"Allyl chloride  Delisted October 29, 1999 [Click here for the basis for delisting]",cancer,107-05-1
"Aloe vera, non-decolorized whole leaf extract",cancer,---
Alprazolam,developmental ,28981-97-7
Altretamine,"developmental, male ",645-05-6
Amantadine hydrochloride,developmental ,665-66-7
Amikacin sulfate,developmental,39831-55-5
2-Aminoanthraquinone,cancer,117-79-3
p-Aminoazobenzene,cancer,9/3/60
o-Aminoazotoluene,cancer,97-56-3
4-Aminobiphenyl (4-aminodiphenyl),cancer,92-67-1
2-Amino-4-chlorophenol,cancer,95-85-2
"1-Amino-2,4-dibromoanthraquinone",cancer ,81-49-2
3-Amino-9-ethylcarbazole hydrochloride,cancer,6109-97-3
2-Aminofluorene,cancer ,153-78-6
Aminoglutethimide,developmental,125-84-8
Aminoglycosides,developmental ,---
1-Amino-2-methylanthraquinone,cancer,82-28-0
"2-Amino-5-(5-nitro-2-furyl)-1,3,4-thiadiazole",cancer,712-68-5
4-Amino-2-nitrophenol,cancer ,119-34-6
Aminopterin,"developmental, female",54-62-6
Amiodarone hydrochloride,"developmental, female, male ",19774-82-4
Amitraz,developmental ,33089-61-1
Amitrole,cancer,61-82-5
Amoxapine,developmental ,14028-44-5
Amsacrine,cancer ,51264-14-3
"tert-Amyl methyl ether  Delisted December 13, 2013 [Click here for the basis for delisting]",developmental ,994-05-8
Anabolic steroids,"female, male",---
Analgesic mixtures containing Phenacetin,cancer,---
Androstenedione,cancer,5/8/63
Angiotensin converting enzyme  (ACE) inhibitors,developmental,---
Aniline,cancer,62-53-3
Aniline hydrochloride,cancer ,142-04-1
o-Anisidine,cancer,90-04-0
o-Anisidine hydrochloride,cancer,134-29-2
Anisindione,developmental,117-37-3
Anthraquinone,cancer ,84-65-1
Antimony oxide (Antimony trioxide),cancer,1309-64-4
Aramite,cancer,140-57-8
Areca nut,cancer ,  ---
Aristolochic acids,cancer ,  ---
Arsenic (inorganic arsenic compounds),cancer,--
Arsenic (inorganic oxides),developmental,---
Asbestos,cancer,1332-21-4
"Aspirin (NOTE:  It is especially  important not to use aspirin during the last three months of pregnancy,  unless specifically directed to do so by a physician because it may cause  problems in the unborn child or  complications during delivery.)","developmental, female",50-78-2
Atenolol,developmental ,29122-68-7
Atrazine,"developmental, female",1912-24-9
Auramine,cancer,492-80-8
Auranofin,developmental ,34031-32-8
Avermectin B1 (Abamectin),developmental,71751-41-2
Azacitidine,cancer,320-67-2
Azaserine,cancer,115-02-6
Azathioprine,cancer,446-86-6
Azathioprine,developmental,446-86-6
Azobenzene,cancer,103-33-3
Barbiturates,developmental,---
Beclomethasone dipropionate,developmental ,9/8/34
Benomyl,"developmental, male",17804-35-2
Benthiavalicarb-isopropyl,cancer ,177406-68-7
Benz[a]anthracene,cancer,56-55-3
Benzene,cancer,71-43-2
Benzene,"developmental, male ",71-43-2
Benzidine [and its salts],cancer,92-87-5
Benzidine-based dyes,cancer,---
Benzodiazepines,developmental,---
Benzo[b]fluoranthene,cancer,205-99-2
Benzo[j]fluoranthene,cancer,205-82-3
Benzo[k]fluoranthene,cancer,207-08-9
Benzofuran,cancer,271-89-6
Benzophenone,cancer,119-61-9
Benzo[a]pyrene,cancer,50-32-8
Benzotrichloride,cancer,7/7/98
Benzphetamine hydrochloride,developmental,5411-22-3
Benzyl chloride,cancer,100-44-7
Benzyl violet 4B,cancer,1694-09-3
Beryllium and beryllium compounds,cancer,---
   Beryllium ,,
   Beryllium oxide,,
   Beryllium sulfate,,
Betel quid with tobacco,cancer,---
Betel quid without tobacco,cancer ,  ---
Bevacizumab,"developmental, female",216974-75-3
"2,2-Bis(bromomethyl)-1,3-propanediol",cancer,3296-90-0
Bis(2-chloroethyl)ether,cancer,111-44-4
"N,N-Bis(2-chloroethyl)-2-naphthylamine  (Chlornapazine)",cancer,494-03-1
Bischloroethyl nitrosourea (BCNU) (Carmustine),cancer,154-93-8
Bischloroethyl nitrosourea (BCNU) (Carmustine),developmental,154-93-8
Bis(chloromethyl)ether,cancer,542-88-1
"Bis(2-chloro-1-methylethyl)ether,  technical grade",cancer ,---
Bisphenol A (BPA),female,5/7/80
Bisphenol A (BPA) ,developmental,5/7/80
"Bitumens, extracts of steam-refined and air refined",cancer,---
Bracken fern,cancer,---
Bromacil lithium salt,developmental ,53404-19-6
Bromacil lithium salt,male ,53404-19-6
Bromate,cancer ,15541-45-4
Bromochloroacetic acid,cancer ,5589-96-8
1-Bromo-3-chloropropane ,cancer,109-70-6
Bromodichloroacetic acid,cancer,71133-14-7
Bromodichloromethane,cancer,75-27-4
Bromoethane,cancer,74-96-4
Bromoform,cancer,75-25-2
1-Bromopropane (1-BP),cancer,106-94-5
1-Bromopropane (1-BP),"developmental, female, male ",106-94-5
2-Bromopropane (2-BP),"female, male ",75-26-3
Bromoxynil,developmental,1689-84-5
Bromoxynil octanoate,developmental ,1689-99-2
Butabarbital sodium,developmental,143-81-7
"1,3-Butadiene",cancer,106-99-0
"1,3-Butadiene","developmental, female, male ",106-99-0
"1,4-Butanediol dimethanesulfonate (Busulfan)",cancer,55-98-1
"1,4-Butanediol dimethanesulfonate (Busulfan)",developmental,55-98-1
Butylated hydroxyanisole,cancer,25013-16-5
Butyl benzyl phthalate (BBP)d,developmental ,85-68-7
1-Butyl glycidyl ether ,cancer,8/6/26
"n-Butyl glycidyl ether Delisted April 4, 2014 [Click here for the basis for delisting]",male ,8/6/26
beta-Butyrolactone,cancer,3068-88-0
Cacodylic acid,cancer,75-60-5
Cadmium,"developmental, male ",---
Cadmium and cadmium compounds,cancer,---
Cadmium,,
Cannabis (marijuana) smoke,developmental,---
Caffeic acid,cancer,331-39-5
Captafol,cancer,6/1/25
Captan,cancer,133-06-2
Carbamazepine,developmental ,298-46-4
Carbaryl,cancer ,63-25-2
"Carbaryl [Basis for listing changed effective December 27, 2013]","developmental, female, male",63-25-2
Carbazole,cancer,86-74-8
"Carbon black (airborne, unbound particles of respirable size)",cancer ,1333-86-4
Carbon-black extracts,cancer,---
Carbon disulfide,"developmental, female, male",75-15-0
Carbon monoxide,developmental,630-08-0
Carbon tetrachloride,cancer,56-23-5
Carboplatin,developmental,41575-94-4
N-Carboxymethyl-N-nitrosourea,cancer,60391-92-6
Catechol,cancer ,120-80-9
Ceramic fibers (airborne particles of respirable size),cancer,---
Certain combined chemotherapy for lymphomas,cancer,---
Chenodiol,developmental,474-25-9
Chloral,cancer,75-87-6
Chloral hydrate,cancer,302-17-0
Chlorambucil,cancer,305-03-3
Chlorambucil,developmental,305-03-3
"Chloramphenicol Delisted January 4, 2013 [Click here for the basis for delisting]",cancer,56-75-7
Chloramphenicol sodium succinate,cancer,982-57-0
Chlorcyclizine hydrochloride,developmental,1620-21-9
Chlordane,cancer,57-74-9
Chlordecone (Kepone),cancer,143-50-0
Chlordecone (Kepone),developmental,143-50-0
Chlordiazepoxide,developmental,58-25-3
Chlordiazepoxide hydrochloride,developmental,438-41-5
Chlordimeform,cancer,6164-98-3
Chlorendic acid,cancer,115-28-6
"Chlorinated paraffins (Average chain length, C12;approximately 60 percent chlorine by weight)",cancer,108171-26-2
p-Chloroaniline,cancer,106-47-8
p-Chloroaniline hydrochloride,cancer ,20265-96-7
"Chlorodibromomethane  Delisted October 29, 1999 [Click here for the basis for delisting]",cancer,124-48-1
Chloroethane (Ethyl chloride),cancer,75-00-3
1-(2-Chloroethyl)-3-cyclohexyl-1-nitrosourea (CCNU) (Lomustine),cancer,13010-47-4
1-(2-Chloroethyl)-3-cyclohexyl-1-nitrosourea (CCNU) (Lomustine),developmental,13010-47-4
1-(2-Chloroethyl)-3-(4-methylcyclohexyl)-1-nitrosourea (Methyl-CCNU),cancer,13909-09-6
Chloroform,cancer,67-66-3
"Chloroform [Basis for listing changed effective December 23, 2016]",developmental ,67-66-3
Chloromethyl methyl ether (technical grade),cancer,107-30-2
3-Chloro-2-methylpropene,cancer,563-47-3
1-Chloro-4-nitrobenzene,cancer,100-00-5
2-Chloronitrobenzene,cancer,88-73-3
4-Chloro-o-phenylenediamine,cancer,95-83-0
Chloroprene,cancer ,126-99-8
"2-Chloropropionic acid [Basis for listing changed effective December 20, 2013]",male ,598-78-7
Chlorothalonil,cancer,1897-45-6
p-Chloro-o-toluidine,cancer,95-69-2
"p-Chloro-o-toluidine, strong acid salts of",cancer ,---
"   p-Chloro-o-toluidine, hydrochloride",,
5-Chloro-o-toluidine and its strong acid salts,cancer ,---
Chlorotrianisene,cancer,569-57-3
"p-chloro-?,?,?-trifluorotoluene (para-Chlorobenzotrifluoride, PCBTF)",cancer,98-56-6
Chlorozotocin,cancer,54749-90-5
Chlorpyrifos,developmental,2921-88-2
"Chlorsulfuron Delisted June 6, 2014 [Click here for the basis for delisting] ","developmental, female, male ",64902-72-3
Chromium (hexavalent compounds),cancer,---
Chromium (hexavalent compounds),"developmental, female, male ", ---
Chrysene,cancer,218-01-9
C.I. Acid Red 114,cancer,6459-94-5
C.I. Basic Red 9 monohydrochloride,cancer,569-61-9
C.I. Direct Blue 15,cancer ,2429-74-5
C.I. Direct Blue 218,cancer ,28407-37-6
C.I. Disperse Yellow 3,cancer,2832-40-8
C.I. Solvent Yellow 14,cancer ,842-07-9
Ciclosporin (Cyclosporin A; Cyclosporine),cancer,59865-13-3; 79217-60-0
Cidofovir,"cancer, developmental, female, male",113852-37-2
Cinnamyl anthranilate,cancer,87-29-6
Cisplatin,cancer,15663-27-1
Citrus Red No. 2,cancer,6358-53-8
Cladribine,developmental,4291-63-8
Clarithromycin,developmental ,81103-11-9
Clobetasol propionate,"developmental, female ",25122-46-7
Clofibrate,cancer,637-07-0
Clomiphene citrate,cancer,50-41-9
Clomiphene citrate,developmental,50-41-9
Clorazepate dipotassium,developmental,57109-90-7
CMNP (pyrazachlor),cancer,6814-58-0
Cobalt metal powder,cancer,7440-48-4
Cobalt [II] oxide,cancer,1307-96-6
Cobalt sulfate,cancer ,10124-43-3
Cobalt sulfate heptahydrate,cancer ,10026-24-1
Cocaine,"developmental, female",50-36-2
Coconut oil diethanolamine condensate (cocamide diethanolamine),cancer,---
Codeine phosphate,developmental ,52-28-8
Coke oven emissions,cancer,---
Colchicine,"developmental, male",64-86-8
Conjugated estrogens,cancer,---
Conjugated estrogens,developmental,---
Creosotes,cancer,---
p-Cresidine,cancer,120-71-8
Cumene,cancer ,98-82-8
Cupferron,cancer,135-20-6
Cyanazine,developmental,21725-46-2
Cycasin,cancer,14901-08-7
Cycloate,developmental ,1134-23-2
"Cyclohexanol  Delisted January 25, 2002 [Click here for the basis for delisting]",male ,108-93-0
Cycloheximide,developmental,66-81-9
Cyclopenta[cd]pyrene,cancer,27208-37-3
Cyclophosphamide (anhydrous),cancer,50-18-0
Cyclophosphamide (anhydrous),"developmental, female, male",50-18-0
Cyclophosphamide (hydrated),cancer,6055-19-2
Cyclophosphamide (hydrated),"developmental, female, male",6055-19-2
Cyhexatin,developmental,13121-70-5
Cytarabine,developmental,147-94-4
Cytembena,cancer ,21739-91-3
D&C Orange No. 17,cancer,3468-63-1
D&C Red No. 8,cancer,2092-56-0
D&C Red No. 9,cancer,2/1/60
D&C Red No. 19,cancer,81-88-9
Dacarbazine,cancer,3/4/42
Dacarbazine,developmental ,3/4/42
Daminozide,cancer,1596-84-5
Danazol,developmental,17230-88-5
"Dantron (Chrysazin; 1,8-Dihydroxyanthraquinone)",cancer,117-10-2
Daunomycin,cancer,20830-81-3
Daunorubicin hydrochloride ,developmental,23541-50-6
"2,4-D butyric acid [Click here for the basis for the removal of developmental endpoint, effective June 22, 2001]","developmental,   male   ",94-82-6
DDD (Dichlorodiphenyl-dichloroethane),cancer,72-54-8
DDE (Dichlorodiphenyl-dichloroethylene),cancer,72-55-9
DDT (Dichlorodiphenyl-trichloroethane),cancer,50-29-3
"o,p'-DDT","developmental, female, male ",789-02-6
"p,p'-DDT","developmental, female, male ",50-29-3
DDVP (Dichlorvos),cancer,62-73-7
Demeclocycline hydrochloride (internal use),developmental,64-73-3
Des-ethyl atrazine (DEA),"developmental, female",6190-65-4
Des-isopropyl atrazine (DIA),"developmental, female",1007-28-9
"N,N'-Diacetylbenzidine",cancer,613-35-4
"2,4-Diaminoanisole",cancer,615-05-4
"2,4-Diaminoanisole sulfate",cancer,39156-41-7
"2,4-Diamino-6-chloro-s-triazine (DACT)","developmental, female",3397-62-4
"4,4'-Diaminodiphenyl ether (4,4'-Oxydianiline)",cancer,101-80-4
"2,4-Diaminotoluene",cancer,95-80-7
"Diaminotoluene (mixed) Delisted November, 20 2015 [Click here for the basis for delisting]",cancer, ---
Diazepam,developmental,439-14-5
Diazoaminobenzene,cancer ,136-35-6
Diazoxide,developmental ,364-98-7
"Dibenz[a,h]acridine",cancer,226-36-8
"Dibenz[a,j]acridine",cancer,224-42-0
Dibenzanthracenes,cancer, ---
"Dibenz[a,c]anthracene",cancer,215-58-7
"Dibenz[a,h]anthracene",cancer,53-70-3
"Dibenz[a,j]anthracene",cancer,224-41-9
"7H-Dibenzo[c,g]carbazole",cancer,194-59-2
"Dibenzo[a,e]pyrene",cancer,192-65-4
"Dibenzo[a,h]pyrene",cancer,189-64-0
"Dibenzo[a,i]pyrene",cancer,189-55-9
"Dibenzo[a,l]pyrene",cancer,191-30-0
Dibromoacetic acid,cancer,631-64-1
Dibromoacetonitrile,cancer,3252-43-5
"1,2-Dibromo-3-chloropropane  (DBCP)",cancer,12/8/96
"1,2-Dibromo-3-chloropropane  (DBCP) [Basis for listing changed effective November 22, 2013]",male,12/8/96
"2,3-Dibromo-1-propanol",cancer,96-13-9
Dichloroacetic acid,cancer,79-43-6
Dichloroacetic acid,"developmental, male",79-43-6
p-Dichlorobenzene,cancer,106-46-7
"3,3'-Dichlorobenzidine",cancer,91-94-1
"3,3'-Dichlorobenzidine dihydrochloride",cancer ,612-83-9
"1,1-Dichloro-2,2-bis(p-chloropheny)ethylene (DDE)","developmental, male ",72-55-9
"1,4-Dichloro-2-butene",cancer,764-41-0
"3,3'-Dichloro-4,4'-diamino-diphenyl ether",cancer,28434-86-8
"1,1-Dichloroethane",cancer,75-34-3
Dichloromethane (Methylene chloride),cancer,9/2/75
"1,4-Dichloro-2-nitrobenzene",cancer,89-61-2
"2,4-Dichloro-1-nitrobenzene",cancer,611-06-3
Dichlorophene,developmental ,97-23-4
Dichlorphenamide,developmental ,120-97-8
"1,2-Dichloropropane",cancer,78-87-5
"1,3-Dichloro-2-propanol (1,3-DCP)",cancer,96-23-1
"1,3-Dichloropropene",cancer,542-75-6
Diclofop-methyl,cancer ,51338-27-3
Diclofop methyl,developmental ,51338-27-3
Dicumarol,developmental,66-76-2
Dieldrin,cancer,60-57-1
"Dienestrol Delisted January 4, 2013 [Click here for the basis for delisting]",cancer,84-17-3
Diepoxybutane,cancer,1464-53-5
Diesel engine exhaust,cancer,---
Diethanolamine,cancer,111-42-2
Di(2-ethylhexyl)phthalate (DEHP),cancer,117-81-7
Di(2-ethylhexyl)phthalate (DEHP),"developmental, male ",117-81-7
   Adultb,,
"   Infant boys, age 29 days to 24 monthsb",,
"   Neonatal infant boys, age 0 to 28 daysb",,
   Adultb,,
"   Infant boys, age 29 days to 24 monthsb",,
"   Neonatal infant boys, age 0 to 28 daysb",,
"1,2-Diethylhydrazine",cancer,1615-80-1
Diethylstilbestrol (DES) ,cancer,56-53-1
Diethylstilbestrol (DES) ,developmental,56-53-1
Diethyl sulfate,cancer,64-67-5
Diflunisal,"developmental, female ",22494-42-4
"Diglycidyl ether Delisted April 4, 2014 [Click here for the basis for delisting]",male ,7/5/38
Diglycidyl resorcinol ether (DGRE),cancer,101-90-6
Dihydroergotamine mesylate ,developmental ,6190-39-2
Dihydrosafrole,cancer,94-58-6
Di-isodecyl phthalate (DIDP),developmental ,68515-49-1/      26761-40-0
Diisononyl phthalate (DINP),cancer, ---
Diisopropyl sulfate,cancer,10/6/73
Diltiazem hydrochloride ,developmental ,33286-22-5
"3,3'-Dimethoxybenzidine (o-Dianisidine)",cancer,119-90-4
"3,3'-Dimethoxybenzidine dihydrochloride",cancer,20325-40-0
"3,3'-Dimethoxybenzidine-based dyes metabolized to 3,3'-dimethoxybenzidine",cancer , ---
"N,N-Dimethylacetamide",cancer,127-19-5
"N,N-Dimethylacetamide [Click here for the basis for addition of male reproductive endpoint, effective December 20, 2013]","developmental, male ",127-19-5
4-Dimethylaminoazobenzene,cancer,11/7/60
"trans-2-[(Dimethylamino)methylimino]-5-[2-(5-nitro-2-furyl)vinyl]-1,3,4-oxadiazole",cancer,55738-54-0
"7,12-Dimethylbenz(a)anthracene",cancer,57-97-6
"3,3'-Dimethylbenzidine (ortho-Tolidine)",cancer,119-93-7
"3,3'-Dimethylbenzidine-based dyes metabolized to 3,3'-dimethylbenzidine",cancer , ---
"3,3'-Dimethylbenzidine dihydrochloride",cancer,612-82-8
Dimethylcarbamoyl chloride,cancer,79-44-7
"N,N-Dimethylformamide",cancer,12/2/68
"1,1-Dimethylhydrazine (UDMH)",cancer,57-14-7
"1,2-Dimethylhydrazine",cancer,540-73-8
"2,6-Dimethyl-N-nitrosomorpholine (DMNM)",cancer,1456-28-6
Dimethyl sulfate,cancer,77-78-1
"N,N-Dimethyl-p-toluidine",cancer,99-97-8
Dimethylvinylchloride,cancer,513-37-1
Di-n-butyl phthalate (DBP),"developmental, female, male ",84-74-2
Di-n-hexyl phthalate (DnHP),"female, male ",84-75-3
m-Dinitrobenzene,male,99-65-0
o-Dinitrobenzene,male,528-29-0
p-Dinitrobenzene,male,100-25-4
"3,7-Dinitrofluoranthene",cancer ,105735-71-5
"3,9-Dinitrofluoranthene",cancer ,22506-53-2
"1,3-Dinitropyrene",cancer,75321-20-9
"1,6-Dinitropyrene",cancer,42397-64-8
"1,8-Dinitropyrene",cancer,42397-65-9
"2,4-Dinitrotoluene",cancer,121-14-2
"2,4-Dinitrotoluene",male ,121-14-2
"2,6-Dinitrotoluene",cancer,606-20-2
"2,6-Dinitrotoluene",male ,606-20-2
Dinitrotoluene (technical grade),"female, male ",---
"Dinitrotoluene mixture, 2,4-/2,6-",cancer,---
Dinocap,developmental,39300-45-3
Dinoseb,"developmental, male",88-85-7
Di-n-propyl isocinchomeronate (MGK Repellent 326),cancer,136-45-8
"1,4-Dioxane",cancer,123-91-1
Diphenylhydantoin (Phenytoin),cancer,57-41-0
Diphenylhydantoin (Phenytoin),developmental,57-41-0
"Diphenylhydantoin (Phenytoin), sodium salt",cancer,630-93-3
Direct Black 38 (technical grade),cancer,1937-37-7
Direct Blue 6 (technical grade),cancer,2602-46-2
Direct Brown 95 (technical grade),cancer,16071-86-6
Disodium cyanodithioimidocarbonate,developmental ,138-93-2
Disperse Blue 1,cancer,2475-45-8
Diuron,cancer,330-54-1
Doxorubicin hydrochloride (Adriamycin),cancer,25316-40-9
Doxorubicin hydrochloride (Adriamycin),"developmental, male ",25316-40-9
Doxycycline (internal use),developmental,564-25-0
Doxycycline calcium (internal use),developmental,94088-85-4
Doxycycline hyclate (internal use),developmental,24390-14-5
Doxycycline monohydrate (internal use),developmental,17086-28-1
"2,4-DP (dichloroprop)  Delisted January 25, 2002 [Click here for the basis for delisting]",developmental ,120-36-5
,,
Emissions from combustion of coal,cancer, ---
Emissions from high-temperature unrefined rapeseed oil,cancer, ---
Endrin ,developmental ,72-20-8
Environmental tobacco smoke (ETS),developmental,  ---
Epichlorohydrin,cancer,106-89-8
Epichlorohydrin,male,106-89-8
Epoxiconazole,cancer,135319-73-2
Ergotamine tartrate ,developmental,379-79-3
Erionite,cancer,12510-42-8; 66733-21-9
Estradiol 17B,cancer,50-28-2
Estragole,cancer,140-67-0
"Estrogens, steroidal",cancer,  ---
Estrogen-progestogen (combined) used as menopausal therapy,cancer, ---
Estrone,cancer,53-16-7
Estropipate ,"cancer, developmental ",7280-37-7
Ethinylestradiol,cancer,57-63-6
Ethionamide ,developmental,536-33-4
Ethoprop,cancer ,13194-48-4
Ethyl acrylate,cancer,140-88-5
Ethyl alcohol in alcoholic beverages,developmental,---
Ethylbenzene,cancer ,100-41-4
"Ethyl-tert-butyl ether  Delisted December 13, 2013 [Click here for the basis for delisting]",male ,637-92-3
Ethyl dipropylthiocarbamate ,developmental ,759-94-4
"Ethyl-4,4'-dichlorobenzilate",cancer,510-15-6
Ethylene dibromide ,cancer,106-93-4
Ethylene dibromide ,"developmental, male ",106-93-4
"Ethylene dichloride (1,2-Dichloroethane)",cancer,107-06-2
Ethylene glycol (ingested),developmental,107-21-1
Ethylene glycol monoethyl ether,"developmental, male",110-80-5
Ethylene glycol monoethyl ether acetate,"developmental, male",111-15-9
Ethylene glycol monomethyl ether,"developmental, male",109-86-4
Ethylene glycol monomethyl ether acetate,"developmental, male",110-49-6
Ethyleneimine (Aziridine),cancer,151-56-4
Ethylene oxide,cancer,75-21-8
"Ethylene oxide [Basis for listing changed effective November 22, 2013]",female,75-21-8
"Ethylene oxide [Basis for listing changed effective November 22, 2013]","developmental, male ",75-21-8
Ethylene thiourea,cancer,96-45-7
Ethylene thiourea,developmental,96-45-7
"2-Ethylhexanoic acid  Delisted December 13, 2013 [Click here for the basis for delisting]",developmental ,149-57-5
2-Ethylhexyl acrylate,cancer,103-11-7
Ethyl methanesulfonate,cancer,62-50-0
Etodolac,"developmental, female  ",41340-25-4
Etoposide,cancer,33419-42-0
Etoposide,developmental,33419-42-0
Etoposide in combination with cisplatin and bleomycin,cancer, ---
Etretinate,developmental,54350-48-0
Fenoxaprop ethyl,developmental ,66441-23-4 
Fenoxycarb,cancer ,72490-01-8
Filgrastim,developmental ,121181-53-1
Fluazifop butyl,developmental ,69806-50-4
Flunisolide,"developmental, female ",3/3/85
Fluorouracil,developmental,51-21-8
Fluoxymesterone,developmental,76-43-7
Flurazepam hydrochloride,developmental,1172-18-5
Flurbiprofen,"developmental, female ",5104-49-4
Flutamide,developmental,13311-84-7
Fluticasone propionate,developmental ,80474-14-2
Fluvalinate,developmental ,69409-94-5
Folpet,cancer,133-07-3
Formaldehyde (gas),cancer,50-00-0
2-(2-Formylhydrazino)-4-(5-nitro-2-furyl)thiazole,cancer,3570-75-0
Fumonisin B1,cancer,116355-83-0
Furan,cancer,110-00-9
Furazolidone,cancer,67-45-8
Furfuryl alcohol,cancer,98-00-0
Furmecyclox,cancer,60568-05-0
Fusarin C,cancer,79748-81-5
Gallium arsenide,cancer ,1303-00-0
Ganciclovir,"cancer, developmental, male ",82410-32-0
Ganciclovir sodium,"developmental, male ",107910-75-8
Gasoline engine exhaust (condensates/extracts),cancer,---
Gemfibrozil,cancer,25812-30-0
Gemfibrozil,"female, male ",25812-30-0
Gentian violet (Crystal violet),cancer,548-62-9
Glass wool fibers (inhalable and biopersistent),cancer,---
"Glu-P-1 (2-Amino-6-methyldipyrido[1,2- a:3',2'-d]imidazole)",cancer,67730-11-4
"Glu-P-2 (2-Aminodipyrido[1,2-a:3',2'-d]imidazole)",cancer,67730-10-3
Glycidaldehyde,cancer,765-34-4
Glycidol,cancer,556-52-5
Glycidyl methacrylate ,cancer,106-91-2
Glyphosate,cancer,1071-83-6
Goldenseal root powder,cancer,---
Goserelin acetate,"developmental, female, male ",65807-02-5
Griseofulvin,cancer,126-07-8
Gyromitrin (Acetaldehyde methylformylhydrazone),cancer,16568-02-8
Halazepam,developmental,23092-17-3
Halobetasol propionate,developmental ,66852-54-8
Haloperidol,"developmental, female ",52-86-8
Halothane,developmental,151-67-7
HC Blue 1,cancer,2784-94-3
Heptachlor,cancer,76-44-8
Heptachlor,developmental,76-44-8
Heptachlor epoxide,cancer,1024-57-3
Herbal remedies containing plant species of the genus Aristolochia,cancer ,  ---
Hexachlorobenzene,cancer,118-74-1
Hexachlorobenzene,developmental,118-74-1
Hexachlorobutadiene,cancer,87-68-3
Hexachlorocyclohexane (technical grade),cancer,---
   Hexachlorocyclohexane (alpha isomer),,
   Hexachlorocyclohexane (beta isomer),,
   Hexachlorocyclohexane (gamma isomer),,
Hexachlorodibenzodioxin,cancer,34465-46- 8
Hexachloroethane,cancer,67-72-1
"2,4-Hexadienal (89% trans, trans isomer; 11% cis, trans isomer)",cancer,  ---
"Hexafluoroacetone [Basis for listing changed effective June 6, 2014]","developmental, male",684-16-2
Hexamethylphosphoramide,cancer,680-31-9
Hexamethylphosphoramide,male,680-31-9
n-Hexane,male,110-54-3
"2,5-Hexanedione",male,110-13-4
Histrelin acetate,developmental ,---
Hydramethylnon,"developmental, male ",67485-29-4
Hydrazine,cancer,302-01-2
Hydrazine sulfate,cancer,10034-93-2
"Hydrazobenzene (1,2-Diphenylhydrazine)",cancer,122-66-7
Hydrogen cyanide (HCN) and cyanide salts (CN salts),male, ---
  Cyanide salts that readily dissociate in solution (expressed as cyanide)f,,
  Hydrogen cyanidef,,
  Sodium cyanidef,,
  Potassium cyanidef,,
1-Hydroxyanthraquinone,cancer,129-43-1
Hydroxyurea,developmental ,127-07-1
Idarubicin hydrochloride,"developmental, male ",57852-57-0
Ifosfamide,developmental,3778-73-2
Iodine-131,developmental,10043-66-0
Imazalil,cancer,35554-44-0
"Indeno[1,2,3-cd]pyrene",cancer,193-39-5
Indium phosphide,cancer ,22398-80-7
Indium tin oxide,cancer,50926-11-9
"IQ (2-Amino-3-methylimidazo[4,5-f] quinoline) ",cancer,76180-96-6
Iprodione,cancer,36734-19-7
Iprovalicarb,cancer ,140923-17-7/ 140923-25-7
Iron dextran complex,cancer,9004-66-4
Isobutyl nitrite,cancer,542-56-3
Isoprene,cancer,78-79-5
Isopyrazam,cancer,881685-58-1
"Isosafrole Delisted December 8, 2006 [Click here for the basis for delisting]",cancer,120-58-1
Isotretinoin ,developmental,4759-48-2
Isoxaflutole,cancer,141112-29-0
Kresoxim-methyl,cancer,143390-89-0
Lactofen,cancer,77501-63-4
Lasiocarpine,cancer,303-34-4
"Lead [Basis for listing changed effective November 22, 2013]","developmental, female, male",---
Lead and lead compounds,cancer,---
   Lead,,
Lead acetate,cancer,301-04-2
Lead phosphate,cancer,7446-27-7
Lead subacetate,cancer,1335-32-6
Leather dust,cancer, ---
Leuprolide acetate,"developmental, female, male ",74381-53-6
Levodopa,developmental ,59-92-7
Levonorgestrel implants,female ,797-63-7
Lindane and other hexachlorocyclohexane isomers,cancer,---
Linuron,developmental ,330-55-2
Lithium carbonate,developmental,554-13-2
Lithium citrate,developmental,919-16-4
Lorazepam,developmental,846-49-1
Lovastatin,developmental,75330-75-5
Lynestrenol,cancer ,52-76-6
Malathion,cancer,121-75-5
"Malonaldehyde, sodium salt",cancer,24382-04-5
Mancozeb,cancer,1/7/18
Maneb,cancer,12427-38-2
Marijuana smoke,cancer,---
"Me-A-alpha-C (2-Amino-3-methyl-9H-pyrido[2,3-b]indole)",cancer,68006-83-7
Mebendazole,developmental ,31431-39-7
Medroxyprogesterone acetate,cancer,71-58-9
Medroxyprogesterone acetate,developmental,71-58-9
Megestrol acetate,cancer,595-33-5
Megestrol acetate,developmental,595-33-5
"MeIQ (2-Amino-3,4-dimethylimidazo[4,5-f]quinoline)",cancer,77094-11-2
"MeIQx (2-Amino-3,8-dimethylimidazo[4,5-f]quinoxaline)",cancer,77500-04-0
Melphalan,cancer,148-82-3
Melphalan,developmental,148-82-3
Menotropins,developmental,9002-68-0
Mepanipyrim,cancer ,110235-47-7
Meprobamate,developmental,57-53-4
2?Mercaptobenzothiazole,cancer,149-30-4
Mercaptopurine,developmental,6112-76-1
Mercury and mercury compounds,developmental,---
Merphalan,cancer,531-76-0
Mestranol,cancer,72-33-3
Metam potassium,cancer,137-41-7
Methacycline hydrochloride,developmental,3963-95-9
Metham sodium,cancer ,137-42-8
Metham sodium,developmental ,137-42-8
Methanol,developmental,67-56-1
Methazole,developmental ,20354-26-1
Methimazole,developmental,60-56-0
Methotrexate,developmental,5/2/59
Methotrexate sodium,developmental,15475-56-6
5-Methoxypsoralen with ultraviolet A therapy,cancer,484-20-8
8-Methoxypsoralen with ultraviolet A therapy,cancer,298-81-7
Methyl acrylate,cancer,96-33-3
2-Methylaziridine (Propyleneimine),cancer,75-55-8
Methylazoxymethanol,cancer,590-96-5
Methylazoxymethanol acetate,cancer,592-62-1
"Methyl bromide, as a structural fumigant",developmental,74-83-9
Methyl carbamate,cancer ,598-55-0
Methyl chloride,developmental ,74-87-3
"Methyl chloride [Basis for listing changed effective March 7, 2014]",male ,74-87-3
3-Methylcholanthrene,cancer,56-49-5
5-Methylchrysene,cancer,3697-24-3
"4,4'-Methylene bis(2-chloroaniline)",cancer,101-14-4
"4,4'-Methylene bis(N,N-dimethyl)benzenamine",cancer,101-61-1
"4,4'-Methylene bis(2-methylaniline)",cancer,838-88-0
"4,4'-Methylenedianiline",cancer,101-77-9
"4,4'-Methylenedianiline dihydrochloride",cancer,13552-44-8
Methyleugenol,cancer ,93-15-2
Methylhydrazine and its salts,cancer,---
Methylhydrazine,,
Methylhydrazine sulfate,,
2-Methylimidazole,cancer,693-98-1
4-Methylimidazole,cancer,822-36-6
Methyl iodide,cancer,74-88-4
Methyl isobutyl ketone,cancer,108-10-1
Methyl isobutyl ketone (MIBK),developmental,108-10-1
Methyl isocyanate (MIC),"developmental, female ",624-83-9
"Methyl isopropyl ketone Delisted April 4, 2014 [Click for the basis for delisting]",developmental,563-80-4
Methyl mercury,developmental,---
Methylmercury compounds,cancer,---
Methyl methanesulfonate,cancer,66-27-3
Methyl-n-butyl ketone,developmental,591-78-6
"Methyl-n-butyl ketone [Basis for listing changed effective November 9, 2015]",male ,591-78-6
2-Methyl-1-nitroanthraquinone (of uncertain purity),cancer,129-15-7
N-Methyl-N'-nitro-N-nitrosoguanidine,cancer ,70-25-7
N-Methylolacrylamide,cancer,924-42-5
N-Methylpyrrolidone,developmental,872-50-4
?-Methyl styrene (alpha-Methylstyrene),cancer,98-83-9
"?-Methyl styrene Delisted April 4, 2014 [Click for the basis for delisting]",female,98-83-9
Methyltestosterone,developmental,58-18-4
Methylthiouracil,cancer,4/2/56
Metiram,cancer,9006-42-2
Metiram,developmental ,9006-42-2
Metronidazole,cancer,443-48-1
Michler's ketone,cancer,90-94-8
Midazolam hydrochloride,developmental,59467-96-8
Minocycline hydrochloride (internal use),developmental,13614-98-7
Mirex,cancer,2385-85-5
Misoprostol,developmental,59122-46-2
Mitomycin C,cancer,7/7/50
Mitoxantrone hydrochloride,cancer,70476-82-3
Mitoxantrone hydrochloride,developmental,70476-82-3
Molinate,"developmental, female, male ",2212-67-1
Molybdenum trioxide,cancer,1313-27-5
"MON 4660 (dichloroacetyl-1-oxa-4-azaspiro(4,5)-decane",cancer,71526-07-3
MON 13900 (furilazole),cancer,121776-33-8
"3-Monochloropropane-1,2-diol (3-MCPD)",cancer,96-24-2
Monocrotaline,cancer,315-22-0
MOPP (vincristine-prednisone-nitrogen mustard-procarbazine mixture),cancer,113803-47-7
5-(Morpholinomethyl)-3-[(5-nitrofurfuryl-idene)-amino]-2-oxazolidinone,cancer,139-91-3
Mustard Gas,cancer,505-60-2
MX (3-chloro-4-dichloromethyl-5-hydroxy-2(5H)-furanone),cancer,77439-76-0
Myclobutanil,"developmental, male ",88671-89-0
beta-Myrcene,cancer,123-35-3
Nabam,developmental ,142-59-6
Nafarelin acetate,developmental,86220-42-0
Nafenopin,cancer,3771-19-5
Nalidixic acid,cancer ,389-08-2
Naphthalene,cancer ,91-20-3
1-Naphthylamine,cancer,134-32-7
2-Naphthylamine,cancer,91-59-8
Neomycin sulfate (internal use),developmental,1405-10-3
Netilmicin sulfate,developmental,56391-57-2
Nickel (Metallic),cancer,7440-02-0
Nickel acetate,cancer,373-02-4
Nickel carbonate,cancer,3333-67-3
Nickel carbonyl ,cancer,13463-39-3
Nickel carbonyl ,developmental,13463-39-3
Nickel compounds,cancer ,---
Nickel (soluble compounds),"developmental, male ",---
Nickel hydroxide,cancer,12054-48-7; 12125-56-3
Nickelocene,cancer,1271-28-9
Nickel oxide,cancer,1313-99-1
Nickel refinery dust from the pyrometallurgical process,cancer,---
Nickel subsulfide,cancer,12035-72-2
Nicotine,developmental ,11/5/54
Nifedipine,"developmental, female, male ",21829-25-4
Nimodipine,developmental ,66085-59-4
Niridazole,cancer,61-57-4
"Nitrapyrin [Basis for listing changed effective on November 4, 2015]",cancer ,1929-82-4
Nitrapyrin,developmental ,1929-82-4
Nitrilotriacetic acid,cancer,139-13-9
"Nitrilotriacetic acid, trisodium salt monohydrate",cancer,18662-53-8
5-Nitroacenaphthene,cancer,602-87-9
"5-Nitro-o-anisidine Delisted December 8, 2006 [Click here for the basis for delisting]",cancer,99-59-2
o-Nitroanisole,cancer,91-23-6
para-Nitroanisole,cancer,100-17-4
Nitrobenzene,cancer ,98-95-3
Nitrobenzene,male ,98-95-3
4-Nitrobiphenyl,cancer,92-93-3
6-Nitrochrysene,cancer,2/8/96
Nitrofen (technical grade),cancer,1836-75-5
2-Nitrofluorene,cancer,607-57-8
Nitrofurantoin,male,67-20-9
Nitrofurazone,cancer,59-87-0
1-[(5-Nitrofurfurylidene)-amino]-2-imidazolidinone,cancer,555-84-0
N-[4-(5-Nitro-2-furyl)-2-thiazolyl]acetamide,cancer,531-82-8
Nitrogen mustard (Mechlorethamine),cancer,51-75-2
Nitrogen mustard (Mechlorethamine),developmental,51-75-2
Nitrogen mustard hydrochloride (Mechlorethamine hydrochloride),cancer,55-86-7
Nitrogen mustard hydrochloride (Mechlorethamine hydrochloride),developmental,55-86-7
Nitrogen mustard N-oxide,cancer,126-85-2
Nitrogen mustard N-oxide hydrochloride,cancer,302-70-5
Nitromethane ,cancer ,75-52-5
2-Nitropropane,cancer,79-46-9
1-Nitropyrene,cancer,5522-43-0
4-Nitropyrene,cancer,57835-92-4
N-Nitrosodi-n-butylamine,cancer,924-16-3
N-Nitrosodiethanolamine,cancer,1116-54-7
N-Nitrosodiethylamine,cancer,55-18-5
N-Nitrosodimethylamine,cancer,62-75-9
p-Nitrosodiphenylamine,cancer,156-10-5
N-Nitrosodiphenylamine,cancer,86-30-6
N-Nitrosodi-n-propylamine,cancer,621-64-7
N-Nitroso-N-ethylurea,cancer,759-73-9
N-Nitrosohexamethyleneimine,cancer,932-83-2
3-(N-Nitrosomethylamino) propionitrile,cancer,60153-49-3
4-(N-Nitrosomethylamino)-1-(3-pyridyl)1-butanone,cancer,64091-91-4
N-Nitrosomethyl-n-butylamine,cancer,7068-83-9
N-Nitrosomethyl-n-decylamine,cancer,75881-22-0
N-Nitrosomethyl-n-dodecylamine,cancer,55090-44-3
N-Nitrosomethylethylamine,cancer,10595-95-6
N-Nitrosomethyl-n-heptylamine  ,cancer,16338-99-1
N-Nitrosomethyl-n-hexylamine,cancer,28538-70-7
N-Nitrosomethyl-n-nonylamine ,cancer,75881-19-5
N-Nitrosomethyl-n-octylamine,cancer,34423-54-6
N-Nitrosomethyl-n-pentylamine,cancer,13256-07-0
N-Nitrosomethyl-n-propylamine,cancer,924-46-9
N-Nitrosomethyl-n-tetradecylamine,cancer,75881-20-8
N-Nitrosomethyl-n-undecylamine,cancer,68107-26-6
N-Nitroso-N-methylurea,cancer,684-93-5
N-Nitroso-N-methylurethane,cancer,615-53-2
N-Nitrosomethylvinylamine,cancer,4549-40-0
N-Nitrosomorpholine,cancer,59-89-2
N-Nitrosonornicotine,cancer,16543-55-8
N-Nitrosopiperidine,cancer,100-75-4
N-Nitrosopyrrolidine,cancer,930-55-2
N-Nitrososarcosine,cancer,13256-22-9
o-Nitrotoluene,cancer ,88-72-2
"Nitrous oxide [Basis for listing changed effective November 8, 2013]","developmental, female",10024-97-2
Norethisterone (Norethindrone) ,cancer,68-22-4
Norethisterone (Norethindrone) ,developmental,68-22-4
Norethisterone acetate (Norethindrone acetate),developmental,51-98-9
Norethisterone (Norethindrone) /Ethinyl estradiol,developmental,68-22-4/               57-63-6
Norethisterone (Norethindrone) /Mestranol,developmental,68-22-4/           72-33-3
Norethynodrel,cancer ,68-23-5
Norgestrel,developmental,6533-00-2
Ochratoxin A,cancer,303-47-9
Oil Orange SS,cancer,2646-17-5
"Oral contraceptives, combined",cancer,---
"Oral contraceptives, sequential",cancer,---
Oryzalin,cancer,19044-88-3
Oxadiazon,cancer,19666-30-9
Oxadiazon,developmental ,19666-30-9
Oxazepam ,cancer,604-75-1
Oxazepam ,developmental,604-75-1
"p,p'-Oxybis(benzenesulfonyl hydrazide)  Delisted December 13, 2013 [Click here for the basis for delisting]",developmental ,80-51-3
Oxydemeton methyl,"female, male ",301-12-2
Oxymetholone ,cancer,434-07-1
Oxymetholone ,developmental ,434-07-1
Oxytetracycline (internal use),developmental,79-57-2
Oxytetracycline hydrochloride (internal use),developmental,2058-46-0
Oxythioquinox (Chinomethionat),cancer ,1/2/39
Oxythioquinox (Chinomethionat),developmental ,1/2/39
Paclitaxel,"developmental, female, male ",33069-62-4
Palygorskite fibers (> 5µm in length),cancer ,12174-11-7
Panfuran S,cancer,794-93-4
Paramethadione,developmental,115-67-3
Parathion,cancer,56-38-2
Penicillamine,developmental,52-67-5
pentabromodiphenyl ether mixture [DE-71 (technical grade)],cancer,---
Pentachlorophenol,cancer,87-86-5
Pentachlorophenol and by-products of its synthesis (complex mixture),cancer,---
Pentobarbital sodium,developmental,57-33-0
Pentosan polysulfate sodium,cancer, ---
Pentostatin,developmental,53910-25-1
Perfluorononanoic acid (PFNA) and its salts,male , ---
Perfluorooctane sulfonate (PFOS),developmental,1763-23-1
Perfluorooctane sulfonic acid (PFOS) and its salts and transformation and degradation precursors,cancer,---
Perfluorooctanoic acid (PFOA),cancer,335-67-1
Perfluorooctanoic acid (PFOA),developmental,335-67-1
Pertuzumab,developmental,380610-27-5
Phenacemide,developmental,63-98-9
Phenacetin,cancer,62-44-2
Phenazopyridine,cancer,94-78-0
Phenazopyridine hydrochloride,cancer,136-40-3
Phenesterin,cancer,10/9/46
Phenobarbital,cancer,6/6/50
Phenolphthalein,cancer  ,9/8/77
Phenoxybenzamine,cancer,59-96-1
Phenoxybenzamine hydrochloride,cancer,63-92-3
Phenprocoumon,developmental,435-97-2
o-Phenylenediamine and its salts,cancer ,95-54-5
   o-Phenylenediamine,,
   o-Phenylenediamine dihydrochloride,,
Phenyl glycidyl ether,cancer,122-60-1
"Phenyl glycidyl ether   
Delisted April 4, 2014 [Click here  for the basis for delisting]",male ,122-60-1
Phenylhydrazine and its salts,cancer,---
   Phenylhydrazine,,
   Phenylhydrazine hydrochloride,,
"o-Phenylphenate, sodium",cancer,132-27-4
o-Phenylphenol,cancer,90-43-7
"Phenylphosphine [Basis for listing changed effective June 6, 2014]",developmental male,638-21-1
"PhiP(2-Amino-1-methyl-6-phenylimidazol[4,5-b]pyridine)",cancer,105650-23-5
Pimozide,"developmental, female ",2062-78-4
Pioglitazone,cancer,111025-46-8
Pipobroman,developmental,54-91-1
Pirimicarb,cancer ,23103-98-2
Plicamycin,developmental,18378-89-7
Polybrominated biphenyls,cancer,---
Polybrominated biphenyls,developmental,---
Polychlorinated biphenyls,cancer,---
Polychlorinated biphenyls,developmental,---
Polychlorinated biphenyls (containing 60 or more percent chlorine by molecular weight),cancer,---
Polychlorinated dibenzo-p-dioxins,cancer,---
Polychlorinated dibenzofurans,cancer,---
Polygeenan,cancer,53973-98-1
Ponceau MX,cancer,3761-53-3
Ponceau 3R,cancer,9/8/64
Potassium bromate,cancer,1/2/58
Potassium dimethyldithiocarbamate,developmental ,128-03-0
Pravastatin sodium,developmental ,81131-70-6
Prednisolone sodium phosphate,developmental ,125-02-0
Primidone,cancer ,125-33-7
Procarbazine,cancer,671-16-9
Procarbazine hydrochloride,cancer,366-70-1
Procarbazine hydrochloride,developmental,366-70-1
Procymidone,cancer,32809-16-8
Progesterone,cancer,57-83-0
Pronamide,cancer,23950-58-5
Propachlor,cancer ,1918-16-7
"1,3-Propane sultone",cancer,1120-71-4
Propargite,cancer,2312-35-8
Propargite,developmental ,2312-35-8
Propazine,"developmental, female",139-40-2
beta-Propiolactone,cancer,57-57-8
Propoxur,cancer ,114-26-1
Propylene glycol mono-t-butyl ether,cancer ,57018-52-7
Propylene oxide,cancer,75-56-9
Propylthiouracil,cancer,51-52-5
Propylthiouracil,developmental,51-52-5
Pulegone,cancer,89-82-7
Pymetrozine,cancer,123312-89-0
Pyridine,cancer,110-86-1
Pyrimethamine,developmental ,58-14-0
Quazepam,developmental ,36735-22-5
Quinoline and its strong acid salts,cancer,---
Quizalofop-ethyl,male ,76578-14-8
Radionuclides,cancer,---
Reserpine,cancer,50-55-5
Residual (heavy) fuel oils,cancer,---
Resmethrin,cancer ,10453-86-8
Resmethrin,developmental ,10453-86-8
"Retinol/retinyl esters, when in daily dosages in excess of 10,000 IU, or 3,000 retinol equivalents.  (NOTE:  Retinol/retinyl esters are required and essential for maintenance of normal reproductive function.  The recommended daily level during pregnancy is 8,000 IU.)",developmental, ---
Ribavirin,developmental,36791-04-5
Ribavirin,male ,36791-04-5
Riddelliine,cancer ,23246-96-0
Rifampin,"developmental, female ",13292-46-1
"Saccharin  Delisted April 6, 2001  [Click here for the basis for delisting]",cancer,7/2/81
"Saccharin, sodium  Delisted January 17, 2003 [Click here for the basis for delisting]",cancer,128-44-9
Safrole,cancer,94-59-7
"Salted fish, Chinese-style",cancer, ---
Secobarbital sodium ,developmental,309-43-3
Sedaxane,cancer,874967-67-6
Selenium sulfide,cancer,7446-34-6
Sermorelin acetate,developmental ,---
Shale-oils,cancer,68308-34-9
"Silica, crystalline (airborne particles of respirable size)",cancer,---
Simazine,"developmental, female",122-34-9
Sodium dimethyldithiocarbamate,developmental ,128-04-1
Sodium fluoroacetate,male ,62-74-8
"Soots, tars, and mineral oils (untreated and mildly treated oils and used engine oils)",cancer,---
Spirodiclofen,cancer,148477-71-8
Spironolactone,cancer ,1/7/52
Stanozolol,cancer ,10418-03-8
Sterigmatocystin,cancer,10048-13-2
Streptomycin sulfate,developmental,3810-74-0
Streptozocin (streptozotocin),"developmental, female, male ",18883-66-4
Streptozotocin (streptozocin),cancer,18883-66-4
Strong inorganic acid mists containing sulfuric acid,cancer ,---
Styrene,cancer,100-42-5
Styrene oxide,cancer,9/3/96
Sulfallate,cancer,6/7/95
Sulfasalazine (Salicylazosulfapyridine),cancer ,599-79-1
Sulfasalazine (Salicylazosulfapyridine),male ,599-79-1
Sulfur dioxidee,developmental,9/5/46
Sulindac,"developmental, female ",38194-50-2
Talc containing asbestiform fibers,cancer,---
Tamoxifen and its salts,cancer,10540-29-1
Tamoxifen citrate,developmental,54965-24-1
Temazepam,developmental,846-50-4
Teniposide,developmental,29767-20-2
Terbacil,developmental ,5902-51-2
Teriparatide,cancer,52232-67-4
Terrazole,cancer,2593-15-9
Testosterone and its esters,cancer,58-22-0
Testosterone cypionate,developmental,58-20-8
Testosterone enanthate,developmental,315-37-7
Tetrabromobisphenol A,cancer,79-94-7
"3,3',4,4'-Tetrachloroazobenzene",cancer,14047-09-7
"2,3,7,8-Tetrachlorodibenzo-p-dioxin (TCDD)",cancer,1746-01-6
"2,3,7,8-Tetrachlorodibenzo-p-dioxin (TCDD)",developmental,1746-01-6
"1,1,1,2-Tetrachloroethane",cancer,630-20-6
"1,1,2,2-Tetrachloroethane",cancer,79-34-5
Tetrachloroethylene (Perchloroethylene),cancer,127-18-4
"p-a,a,a-Tetrachlorotoluene",cancer,5216-25-1
Tetrachlorvinphos,cancer,22248-79-9
Tetracycline (internal use),developmental,60-54-8
Tetracyclines (internal use),developmental,---
Tetracycline hydrochloride (internal use),developmental,64-75-5
Tetrafluoroethylene,cancer,116-14-3
?9-Tetrahydrocannabinol (?9-THC),developmental,
Tetrahydrofuran,cancer,109-99-9
Tetranitromethane,cancer,509-14-8
Thalidomide,developmental,50-35-1
Thioacetamide,cancer,62-55-5
"4,4'-Thiodianiline",cancer,139-65-1
Thiodicarb,cancer ,59669-26-0
Thioguanine,developmental,154-42-7
Thiophanate methyl,"female, male ",23564-05-8
Thiouracil,cancer ,141-90-2
Thiourea,cancer,62-56-6
Thorium dioxide,cancer,1314-20-1
"Titanium dioxide (airborne, unbound particles of respirable size)",cancer, ---
"Tobacco, oral use of smokeless products",cancer,---
Tobacco smoke,cancer,---
Tobacco smoke (primary),"developmental, female, male",---
Tobramycin sulfate,developmental,49842-07-1
Toluene,developmental,108-88-3
"Toluene [Click here for the basis for the removal of female reproductive endpoint effective March 7, 2014]",female ,108-88-3
Toluene diisocyanate,cancer,26471-62-5
o-Toluidine,cancer,95-53-4
o-Toluidine hydrochloride,cancer,636-21-5
"para-Toluidine  Delisted October 29, 1999 [Click here for the basis for delisting]",cancer,106-49-0
Topiramate,developmental,97240-79-4
Toxaphene (Polychlorinated camphenes),cancer,8001-35-2
Toxins derived from Fusarium moniliforme (Fusarium verticillioides),cancer ,  ---
Treosulfan,cancer,299-75-2
Triadimefon,"developmental, female, male ",43121-43-3
Triamterene,cancer,396-01-0
Triazolam,developmental,28911-01-5
"S,S,S-Tributyl phosphorotrithioate (Tribufos, DEF)",cancer,78-48-8
Tributyltin methacrylate,developmental ,2155-70-6
Trichlormethine (Trimustine hydrochloride),cancer,817-09-4
Trichloroacetic acid,cancer,3/9/76
Trichloroethylene,cancer,1/6/79
Trichloroethylene,"developmental, male",1/6/79
"2,4,6-Trichlorophenol",cancer,6/2/88
"1,2,3-Trichloropropane",cancer,96-18-4
Trientine hydrochloride,developmental ,38260-01-4
Triforine,developmental ,26644-46-2
"1,3,5-Triglycidyl-s-triazinetrione  Delisted December 13, 2013 [Click here for the basis for delisting]",male ,2451-62-9
Trilostane,developmental,13647-35-3
Trimethadione,developmental,127-48-0
"2,4,5-Trimethylaniline and its strong acid salts",cancer ,---
"Trimethylolpropane triacrylate, technical grade",cancer,---
Trimethyl phosphate,cancer,512-56-1
Trimetrexate glucuronate,developmental ,82952-64-5
TRIMÆ VX,cancer,---
"2,4,6-Trinitrotoluene (TNT)",cancer ,118-96-7
Triphenyltin hydroxide,cancer,76-87-9
Triphenyltin hydroxide,developmental ,76-87-9
"Tris(aziridinyl)-p-benzoquinone (Triaziquone) Delisted December 8, 2006 [Click here for the basis for delisting]",cancer,68-76-8
Tris(1-aziridinyl)phosphine sulfide (Thiotepa),cancer,52-24-4
Tris(2-chloroethyl) phosphate,cancer,115-96-8
"Tris(2,3-dibromopropyl)phosphate",cancer,126-72-7
"Tris(1,3-dichloro-2-propyl) phosphate (TDCPP)",cancer,13674-87-8
Trp-P-1 (Tryptophan-P-1),cancer,62450-06-0
Trp-P-2 (Tryptophan-P-2),cancer,62450-07-1
Trypan blue (commercial grade),cancer,72-57-1
Unleaded gasoline (wholly vaporized),cancer,---
Uracil mustard,cancer,66-75-1
Uracil mustard,"developmental, female, male",66-75-1
Urethane (Ethyl carbamate),cancer,51-79-6
Urethane (Ethyl carbamate),developmental,51-79-6
Urofollitropin,developmental,97048-13-0
Valproate (Valproic acid),developmental,99-66-1
Vanadium pentoxide (orthorhombic crystalline form),cancer ,1314-62-1
Vinblastine sulfate,developmental,143-67-9
"Vinclozolin [basis for listing changed on November 16, 2006]",cancer ,50471-44-8
Vinclozolin,developmental ,50471-44-8
Vincristine sulfate,developmental,2068-78-2
Vinyl bromide,cancer,593-60-2
Vinyl chloride,cancer,1/4/75
4-Vinylcyclohexene,cancer,100-40-3
"4-Vinylcyclohexene [Click here for the basis for the removal of male reproductive endpoint, effective December 20, 2013 ]","female, male ",100-40-3
4-Vinyl-1-cyclohexene diepoxide (Vinyl cyclohexenedioxide),cancer,106-87-6
"Vinyl cyclohexene dioxide (4-Vinyl-1-cyclohexene diepoxide) [Click here for the basis for the removal of male reproductive endpoint, effective December 20, 2013]","female, male ",106-87-6
Vinyl fluoride,cancer,2/5/75
"Vinylidene chloride 
(1,1-Dichloroethylene)",cancer,75-35-4
"Vinyl trichloride (1,1,2-Trichloroethane)",cancer,79-00-5
Vismodegib,"developmental, female, male",879085-55-9
Warfarin,developmental,81-81-2
Wood dust,cancer , ---
"2,6-Xylidine (2,6-Dimethylaniline)",cancer,87-62-7
Zalcitabine,cancer ,7481-89-2
Zidovudine (AZT),cancer ,30516-87-1
Zileuton ,"cancer, developmental, female",111406-87-2
"Zineb  Delisted October 29, 1999 [Click here for the basis for delisting]",cancer,12122-67-7